<?xml version="1.0" encoding="UTF-8"?>
<project-private xmlns="http://www.netbeans.org/ns/project-private/1">
    <editor-bookmarks xmlns="http://www.netbeans.org/ns/editor-bookmarks/2" lastBookmarkId="0"/>
    <open-files xmlns="http://www.netbeans.org/ns/projectui-open-files/2">
        <group>
            <file>file:/C:/Users/sanka/OneDrive/Documents/Project_Black_Box.X/Project_Black_Box.X/CAR_BLACK_BOX_Project.X/black_box.c</file>
            <file>file:/C:/Users/sanka/OneDrive/Documents/Project_Black_Box.X/Project_Black_Box.X/CAR_BLACK_BOX_Project.X/main.c</file>
        </group>
    </open-files>
</project-private>
